{
	"credit": "Made with Blockbench",
	"parent": "block/block",
	"textures": {
		"3": "block/oak_log",
		"5": "block/grindstone_side",
		"6": "block/grindstone_round",
		"7": "block/grindstone_base",
		"particle": "block/grindstone_side"
	},
	"elements": [
		{
			"from": [1, 0, 1],
			"to": [15, 1, 15],
			"faces": {
				"north": {"uv": [12, 15.7, 8, 15.13333], "rotation": 180, "texture": "#7"},
				"east": {"uv": [8, 15.7, 4, 15.13333], "rotation": 180, "texture": "#7"},
				"south": {"uv": [0, 15.13334, 4, 15.7], "texture": "#7"},
				"west": {"uv": [12, 15.13333, 16, 15.7], "texture": "#7"},
				"up": {"uv": [8, 0, 12, 14.76667], "rotation": 180, "texture": "#7"},
				"down": {"uv": [4, 0, 8, 14.76667], "rotation": 180, "texture": "#7", "cullface": "down"}
			}
		},
		{
			"from": [12, 1, 5],
			"to": [14, 13, 11],
			"faces": {
				"north": {"uv": [11, 5, 13, 15], "texture": "#3"},
				"east": {"uv": [5, 5, 11, 15], "texture": "#3"},
				"south": {"uv": [1, 5, 3, 15], "texture": "#3"},
				"west": {"uv": [5, 5, 11, 15], "texture": "#3"},
				"up": {"uv": [5, 3, 11, 5], "rotation": 270, "texture": "#3"}
			}
		},
		{
			"from": [2, 1, 5],
			"to": [4, 13, 11],
			"faces": {
				"north": {"uv": [1, 5, 3, 15], "texture": "#3"},
				"east": {"uv": [5, 5, 11, 15], "texture": "#3"},
				"south": {"uv": [11, 5, 13, 15], "texture": "#3"},
				"west": {"uv": [5, 5, 11, 15], "texture": "#3"},
				"up": {"uv": [5, 3, 11, 5], "rotation": 90, "texture": "#3"}
			}
		},
		{
			"from": [4, 4, 2],
			"to": [12, 16, 14],
			"faces": {
				"north": {"uv": [0, 0, 8, 12], "texture": "#6"},
				"east": {"uv": [0, 0, 12, 12], "texture": "#5"},
				"south": {"uv": [0, 0, 8, 12], "texture": "#6"},
				"west": {"uv": [0, 0, 12, 12], "texture": "#5"},
				"up": {"uv": [0, 0, 8, 12], "texture": "#6", "cullface": "up"},
				"down": {"uv": [0, 0, 8, 12], "texture": "#6"}
			}
		}
	]
}