{
	"credit": "Made with Blockbench",
	"parent": "block/block",
	"textures": {
		"5": "block/gold_block",
		"7": "block/spruce_planks",
		"particle": "block/oak_planks",
		"bottom": "block/oak_planks",
		"front": "block/lectern_front"
	},
	"elements": [
		{
			"from": [0, 0, 0],
			"to": [16, 2, 16],
			"faces": {
				"north": {"uv": [0, 14, 16, 16], "texture": "#7", "cullface": "north"},
				"east": {"uv": [0, 14, 16, 16], "texture": "#7", "cullface": "east"},
				"south": {"uv": [0, 14, 16, 16], "texture": "#7", "cullface": "south"},
				"west": {"uv": [0, 14, 16, 16], "texture": "#7", "cullface": "west"},
				"up": {"uv": [0, 0, 16, 16], "rotation": 180, "texture": "#7"},
				"down": {"uv": [0, 0, 16, 16], "texture": "#7", "cullface": "down"}
			}
		},
		{
			"from": [4, 2, 4],
			"to": [12, 15, 12],
			"rotation": {"angle": 0, "axis": "x", "origin": [8, 9.5, 8]},
			"faces": {
				"north": {"uv": [0, 1, 9, 16], "texture": "#front"},
				"east": {"uv": [4, 1, 13, 16], "texture": "#bottom"},
				"south": {"uv": [4, 1, 13, 16], "texture": "#bottom"},
				"west": {"uv": [4, 1, 13, 16], "texture": "#bottom"}
			}
		},
		{
			"from": [0.0125, 14.35, 1.9],
			"to": [15.9875, 16, 15.9],
			"rotation": {"angle": -22.5, "axis": "x", "origin": [8, 8, 8]},
			"faces": {
				"north": {"uv": [0, 14, 16, 16], "texture": "#7"},
				"east": {"uv": [0, 14, 16, 16], "texture": "#7"},
				"south": {"uv": [0, 14, 16, 16], "texture": "#7"},
				"west": {"uv": [0, 14, 16, 16], "texture": "#7"},
				"up": {"uv": [0, 0, 16, 16], "rotation": 180, "texture": "#7"},
				"down": {"uv": [0, 0, 16, 16], "texture": "#7"}
			}
		},
		{
			"from": [3, 2, 3],
			"to": [13, 3, 13],
			"faces": {
				"north": {"uv": [3, 13, 13, 14], "texture": "#5"},
				"east": {"uv": [3, 13, 13, 14], "texture": "#5"},
				"south": {"uv": [3, 13, 13, 14], "texture": "#5"},
				"west": {"uv": [3, 13, 13, 14], "texture": "#5"},
				"up": {"uv": [3, 3, 13, 13], "rotation": 180, "texture": "#5"}
			}
		},
		{
			"from": [4, 15, 7.8],
			"to": [12, 15.8, 12],
			"faces": {
				"north": {"uv": [0, 0, 8, 1], "texture": "#missing"},
				"east": {"uv": [4.2, 0, 8, 1], "texture": "#bottom"},
				"south": {"uv": [4, 0, 13, 1], "texture": "#bottom"},
				"west": {"uv": [9.2, 0, 13, 1], "texture": "#bottom"},
				"up": {"uv": [0, 0, 8, 4], "texture": "#missing"},
				"down": {"uv": [0, 0, 8, 4], "texture": "#missing"}
			}
		},
		{
			"from": [4, 15.8, 10],
			"to": [12, 16.7, 12],
			"faces": {
				"north": {"uv": [0, 0, 8, 1.1], "texture": "#missing"},
				"east": {"uv": [3, 1, 5.3, 2], "texture": "#bottom"},
				"south": {"uv": [4, 1, 13, 2], "texture": "#bottom"},
				"west": {"uv": [10.7, 1, 13, 2], "texture": "#bottom"},
				"up": {"uv": [0, 0, 8, 2], "texture": "#missing"},
				"down": {"uv": [0, 0, 8, 2], "texture": "#missing"}
			}
		}
	],
	"display": {
		"firstperson_righthand": {
			"rotation": [0, 135, 0],
			"scale": [0.4, 0.4, 0.4]
		}
	}
}