{
	"parent": "block/block",
	"textures": {
		"particle": "#chest",
		"chest": "#chest"
	},
	"elements": [
		{
			"from": [0, 0, 0],
			"to": [16, 16, 16],
			"faces": {
				"north": {"uv": [11, 11, 15, 15], "texture": "#chest"},
				"east": {"uv": [7, 11, 11, 15], "texture": "#chest"},
				"south": {"uv": [7, 11, 11, 15], "texture": "#chest"},
				"west": {"uv": [7, 11, 11, 15], "texture": "#chest"},
				"up": {"uv": [3, 11, 7, 15], "rotation": 180, "texture": "#chest"},
				"down": {"uv": [3, 11, 7, 15], "rotation": 180, "texture": "#chest"}
			}
		}
	]
}