{
	"parent": "block/block",
	"textures": {
		"particle": "#texture"
	},
	"elements": [
		{
			"from": [0, 6, 0],
			"to": [16, 10, 16],
			"faces": {
				"north": {"uv": [0, 6, 16, 10], "texture": "#texture", "cullface": "west"},
				"east": {"uv": [0, 6, 16, 10], "texture": "#texture", "cullface": "west"},
				"south": {"uv": [0, 6, 16, 10], "texture": "#texture", "cullface": "west"},
				"west": {"uv": [0, 6, 16, 10], "texture": "#texture", "cullface": "west"},
				"up": {"uv": [0, 0, 16, 16], "texture": "#texture"},
				"down": {"uv": [0, 0, 16, 16], "texture": "#texture", "cullface": "down"}
			}
		}
	],
	"display": {
		"gui": {
			"rotation": [30, 315, 0],
			"scale": [0.625, 0.625, 0.625]
		}
	}
}