{
	"parent": "block/block",
	"textures": {
		"particle": "#texture"
	},
	"elements": [
		{
			"name": "Left-hand post",
			"from": [0, 5, 7],
			"to": [2, 16, 9],
			"faces": {
				"north": {"uv": [14, 0, 16, 11], "texture": "#texture"},
				"east": {"uv": [7, 0, 9, 11], "texture": "#texture"},
				"south": {"uv": [0, 0, 2, 11], "texture": "#texture"},
				"west": {"uv": [7, 0, 9, 11], "texture": "#texture", "cullface": "west"},
				"up": {"uv": [7, 14, 9, 16], "rotation": 90, "texture": "#texture"},
				"down": {"uv": [7, 14, 9, 16], "rotation": 90, "texture": "#texture"}
			}
		},
		{
			"name": "Right-hand post",
			"from": [14, 5, 7],
			"to": [16, 16, 9],
			"faces": {
				"north": {"uv": [0, 0, 2, 11], "texture": "#texture"},
				"east": {"uv": [7, 0, 9, 11], "texture": "#texture", "cullface": "east"},
				"south": {"uv": [14, 0, 16, 11], "texture": "#texture"},
				"west": {"uv": [7, 0, 9, 11], "texture": "#texture"},
				"up": {"uv": [7, 0, 9, 2], "rotation": 90, "texture": "#texture"},
				"down": {"uv": [7, 0, 9, 2], "rotation": 90, "texture": "#texture"}
			}
		},
		{
			"name": "Mid",
			"from": [2, 8, 7],
			"to": [14, 15, 9],
			"faces": {
				"north": {"uv": [2, 1, 14, 8], "texture": "#texture"},
				"south": {"uv": [2, 1, 14, 8], "texture": "#texture"},
				"up": {"uv": [7, 2, 9, 14], "rotation": 90, "texture": "#texture"},
				"down": {"uv": [7, 2, 9, 14], "rotation": 90, "texture": "#texture"}
			}
		}
	],
	"display": {
		"gui": {
			"rotation": [30, 45, 0],
			"translation": [0, -1, 0],
			"scale": [0.8, 0.8, 0.8]
		},
		"head": {
			"translation": [0, -3, -6]
		}
	}
}